text_id,text,summarized_text,original_sdg_labels,dual_summarized_assigned_sdgs,primary_sdgs,secondary_sdgs,multi_hot_vector,max_similarity_score,num_assigned_labels,sdg_1,sdg_2,sdg_3,sdg_4,sdg_5,sdg_6,sdg_7,sdg_8,sdg_9,sdg_10,sdg_11,sdg_12,sdg_13,sdg_14,sdg_15,sdg_16,sdg_17
00021941702cd84171ff33962197ca1f,"From a gender perspective, Paulgaard points out that the labour markets of the fishing villages have been highly gender-segregated in terms of the existence of ""male jobs"" and ""female jobs""; however, the new business opportunities have led to the male population of the peripheral areas now working in the service industry in former ""female jobs"": ""That boys and girls are doing the same jobs indicates change, because traditional boundaries between women and men's work are being crossed. But the fact that young people are still working represents continuity with the past"" (Paulgaard 2002: 102). When Paulgaard refers to continuity with traditions, she refers to the expectations of young adults to participate in adult culture, thus these fishing villages traditionally have no actual youth culture. As described earlier, Paulgaard (2015) concludes that in some of Norway's peripheral areas school is still 'foreign', a time waster stealing time from young adults who should instead spend their time on what is considered to be ""real"" work.","Paulgaard (2015) concludes that in some of Norway's peripheral areas school is still 'foreign', a time waster stealing time from young adults. She refers to the expectations of young adults to participate in adult culture, thus these fishing villages traditionally have no actual youth culture.",[5],"[4, 8]",[],"[4, 8]","[0, 0, 0, 1, 0, 0, 0, 1, 0, 0, 0, 0, 0, 0, 0, 0, 0]",0.22694215178489685,2,0,0,0,1,0,0,0,1,0,0,0,0,0,0,0,0,0
0004eb64f96e1620cd852603d9cbe4d4,"The average figure also masks large differences across regions in Kazakhstan. The number of annual contacts ranges from 2.0 in Astana to 9.7 in Mangystau, and some parts of the population are likely to have very limited access to primary care. In addition, poor coverage of outpatient prescription medicines limits both the effectiveness (and appeal) of care at PHC level.",The average figure masks large differences across regions in Kazakhstan. The number of annual contacts ranges from 2.0 in Astana to 9.,[3],[10],[],[10],"[0, 0, 0, 0, 0, 0, 0, 0, 0, 1, 0, 0, 0, 0, 0, 0, 0]",0.25651878118515015,1,0,0,0,0,0,0,0,0,0,1,0,0,0,0,0,0,0
000bfb17e9f3a00d4515ab59c5c487e7,The Israel Oceanographic and Limnological Research station monitors the quantity and quality of water along the coastline of the Mediterranean Sea. The Nature and Parks Authority (NPA) monitors water quality in rivers on behalf of the MoEP. Mekorot and local authorities monitor drinking water quality under the supervision of the Ministry of Health. The Ministry of Health monitors effluent quality prior to its use in the agricultural sector.,The Israel Oceanographic and Limnological Research station monitors the quantity and quality of water along the coastline of the Mediterranean Sea. Mekorot and local authorities,[6],"[14, 15, 6, 13]","[14, 15]","[6, 13]","[0, 0, 0, 0, 0, 1, 0, 0, 0, 0, 0, 0, 1, 1, 1, 0, 0]",0.36208999156951904,4,0,0,0,0,0,1,0,0,0,0,0,0,1,1,1,0,0
001180f5dd9a821e651ed51e30d0cf8c,"Previous chapters have discussed ways to make food systems more supportive of food security and better nutrition. Nutrition-sensitive food systems can give consumers better options, but ultimately it is consumers who choose what they eat. What consumers choose to eat influences their own nutritional outcomes and sends signals back through the food system - to retailers, processors and producers - that shape both what is produced and how sustainably it is produced."," Nutrition-sensitive food systems can give consumers better options, but ultimately it is consumers who choose what they eat. What consumers choose to eat influences their own nutritional outcomes.",[2],"[12, 2]",[12],[2],"[0, 1, 0, 0, 0, 0, 0, 0, 0, 0, 0, 1, 0, 0, 0, 0, 0]",0.32582685351371765,2,0,1,0,0,0,0,0,0,0,0,0,1,0,0,0,0,0
001f1aee4013cb098da17a979c38bc57,Prescription rates appear to be higher where labour force participation is lower. There is also a possible relationship between drug use and disability. This may arise after the definition of disability was extended to include chronic conditions. Krueger (2017(47)) found that around one-fifth of the non-participating prime age males were also regularly taking opioid painkillers.,Prescription rates appear to be higher where labour force participation is lower. There is also a possible relationship between drug use and disability,[8],"[3, 10]",[],"[3, 10]","[0, 0, 1, 0, 0, 0, 0, 0, 0, 1, 0, 0, 0, 0, 0, 0, 0]",0.21724119782447815,2,0,0,1,0,0,0,0,0,0,1,0,0,0,0,0,0,0
00207cdcd22dc31a0239df13a04e3558,"By contrast, the share of working-age households with a working man remained relatively stable (at 76%) over time in most countries (Panel A). Germany, nevertheless, witnessed a significant decline (by about 15 percentage points) in men’s employment participation among households during this period. A. Households with a male worker Panel. In Spain, for instance, in 1995 only 22% (25%) of households had a woman working full-time (full-year), compared to 42% (52%) in the year prior to the crisis. Dutch women are now working more weeks per year, though not more hours per week.","Germany witnessed a significant decline (by about 15 percentage points) in men’s employment participation among households during this period. By contrast, the share of working-age households with a working man remained relatively stable (at 76%) over time in most countries.",[5],"[10, 1, 8, 2, 4]","[10, 1]","[8, 2, 4]","[1, 1, 0, 1, 0, 0, 0, 1, 0, 1, 0, 0, 0, 0, 0, 0, 0]",0.3091544508934021,5,1,1,0,1,0,0,0,1,0,1,0,0,0,0,0,0,0
002363dc0399349925c2dd768365dd6d,"Parents pay a maximum fee for kindergarten only (between 15.8% and 22.5% of total costs in 2011, depending on whether the kindergarten is public or private). Counties are responsible for upper secondary education, which they finance through taxes and block grants. Costs in this sector vary considerably from one region to another. Additional state subsidies and provisions are given to avoid regional disparities. Private kindergartens (50% of all kindergartens) are also financed by the state through the block grants to municipalities.","Parents pay a maximum fee for kindergarten only (between 15.8% and 22.5% of total costs in 2011, depending on whether the kindergarten is public or private) Counties are responsible for upper secondary education, which they finance through taxes and block grants. Costs in this sector vary considerably from one region to another.",[4],[4],[],[4],"[0, 0, 0, 1, 0, 0, 0, 0, 0, 0, 0, 0, 0, 0, 0, 0, 0]",0.21163710951805115,1,0,0,0,1,0,0,0,0,0,0,0,0,0,0,0,0,0
00292cb0ff962be83dcf67a84a0da691,"For those individuals, out-of-pocket expenses average 78% of average annual income in rural areas, even with the new insurance system. For most of the decade to 2003, the number of visits to township medical centres (hospitals) had been falling, while in urban areas a similar institution did not exist. The two new insurance-based schemes were accompanied by a strategy to orient people to existing township centres and to create new urban community health centres at the level of the neighbourhood committee.","For those individuals, out-of-pocket expenses average 78% of average annual income in rural areas. For most of the decade to 2003, the number of visits to township medical centres had been falling.",[3],"[1, 10, 3]",[1],"[10, 3]","[1, 0, 1, 0, 0, 0, 0, 0, 0, 1, 0, 0, 0, 0, 0, 0, 0]",0.3107471466064453,3,1,0,1,0,0,0,0,0,0,1,0,0,0,0,0,0,0
0029c6c6f02eab58b0ae567c866e8ca8,"In the present case, LCOE were calculated including a carbon price of USD 30 per tonne of CO2. The advantage of nuclear energy in this context is that its average cost remains very stable in the light of changes in the fuel or in the carbon price. In particular, it is protected against fuel price changes by the low proportion of fuel costs in the total lifetime costs of nuclear power generation. Overnight costs include construction and contingency costs but exclude IDC.",Nuclear energy is protected against fuel price changes by the low proportion of fuel costs in the total lifetime costs of nuclear power generation. LCOE were calculated including a carbon price of USD 30 per tonne of CO2.,[7],"[7, 14, 12, 13, 6]","[7, 14]","[12, 13, 6]","[0, 0, 0, 0, 0, 1, 1, 0, 0, 0, 0, 1, 1, 1, 0, 0, 0]",0.34301531314849854,5,0,0,0,0,0,1,1,0,0,0,0,1,1,1,0,0,0
002a903707a6ce3e88ec3c91e846dc6d,"It builds on the nine years of basic education (six years of primary school and three years of junior secondary school). Students entering senior secondary school can attend either a more academically oriented school or vocational school. This applies in both the Islamic and non-Islamic systems. Formal senior secondary education comprises general education (sekolah menengah atas, or SMA), vocational education (sekolah menengah kejuruan, or SMK), Islamic senior secondary schools (madrasah aliyah, or MA) and Islamic vocational education (madrasah aliyah kejuruan, or MAK). This chapter concentrates largely on the provision of academic senior secondary education, while Chapter 5 considers the vocational side. Work is under way to develop community colleges and alternative routes to further and higher education.",Senior secondary school builds on the nine years of basic education. Students entering senior secondary school can attend either a more academically oriented school or vocational school. Work is under way to develop community colleges and alternative routes to further and higher education.,[4],"[4, 8]",[],"[4, 8]","[0, 0, 0, 1, 0, 0, 0, 1, 0, 0, 0, 0, 0, 0, 0, 0, 0]",0.2899228632450104,2,0,0,0,1,0,0,0,1,0,0,0,0,0,0,0,0,0
0033a165843817c6af43ae9e802dd189,"In the last decade, and particularly since 2010, the number of discharges per capita has tended to decrease, and is now in line with the OECD average mentioned previously. For example, rural dwellers represent 43% of the population but only 32% of hospital attendances. In the absence of additional information, it not possible to determine whether or not this difference signals disparities in access for rural populations, and if so, whether the drivers are geographic, cultural or infrastructural. No data appear to be collected on access to care from the patient perspective, which would aid in understanding the nature of (and remedies for) barriers to access. Overall, it is not possible to determine with the available data whether patient income or socio-economic characteristics play a role in reaching the hospital gates or being admitted. Uneven access probably also stems from the inability of facilities across regions to provide the same services.",Rural dwellers represent 43% of the population but only 32% of hospital attendances. Uneven access probably also stems from the inability of facilities across regions to provide the same services.,[3],"[3, 1, 10]",[],"[3, 1, 10]","[1, 0, 1, 0, 0, 0, 0, 0, 0, 1, 0, 0, 0, 0, 0, 0, 0]",0.2469428926706314,3,1,0,1,0,0,0,0,0,0,1,0,0,0,0,0,0,0
0033dadef04b7adbdd14320547f92c95,"This paper examines the effects of child, early and forced marriages (CEFM) within the Commonwealth, with a specific focus on East Africa, and highlights how to best address the issue using international, regional, and national legal norms and judicial processes currently in place. The East African countries examined are Kenya, Rwanda, Uganda and Tanzania. The introduction is then followed by the background section which gives a historical overview of CEFM at the global level.","This paper examines the effects of child, early and forced marriages (CEFM) within the Commonwealth. The East African countries examined are Kenya, Rwanda, Uganda and Tanzania.",[5],"[3, 4, 16, 5, 8]",[],"[3, 4, 16, 5, 8]","[0, 0, 1, 1, 1, 0, 0, 1, 0, 0, 0, 0, 0, 0, 0, 1, 0]",0.2811233103275299,5,0,0,1,1,1,0,0,1,0,0,0,0,0,0,0,1,0
0034e3f6a955d974cccb1565c7b1a0de,"To respond to these new challenges PSV has been encouraged to develop strong links with business and enterprises, to cover remote areas and to cater for less affluent students. It analyses the impact of the dual sector universities in Australia, short cycle higher education in Scotland, three sub-sectors of Norway’s tertiary education and the emerging non-university higher education in Italy, as well as the vocational education and training in Spain. It discusses the issues of transition, participation and collaboration of different types ofpost-secondary education and analysis the impact of policy changes.","PSV has been encouraged to develop strong links with business and enterprises, to cover remote areas and to cater for less affluent students. It analyses the impact of the dual sector universities in Australia, short cycle higher education in Scotland and three sub-sectors of Norway’s tertiary education.",[4],"[9, 4, 8, 10]","[9, 4, 8]",[10],"[0, 0, 0, 1, 0, 0, 0, 1, 1, 1, 0, 0, 0, 0, 0, 0, 0]",0.34676456451416016,4,0,0,0,1,0,0,0,1,1,1,0,0,0,0,0,0,0
0037695bd85443c7a051cd9f2bc02cea,"At the same time, highly unequal countries, like South Africa and Brazil, have relatively stable proportions of the population that believe incomes should be made more equal. The shift in preferences towards redistribution in the BRICS shown in Figure 4.12 is in line with similar findings for OECD countries (OECD, forthcoming). Only in a few OECD countries has no change been found since the late 1980s. Of course, the view that “incomes should be made more (or less) equal” says little about the preferred method for achieving such a change. How these attitudes towards inequality translate into concrete government policy, such as tax and transfer schemes or public service provision, is an important part of the social contract in every country.",The shift in preferences towards redistribution in the BRICS is in line with similar findings for OECD countries. Only in a few OECD countries has no change been found since the late 1980s. How these attitudes towards inequality translate into concrete government policy is an important part of the social contract in every country.,[10],"[16, 10, 1, 8, 4]",[],"[16, 10, 1, 8, 4]","[1, 0, 0, 1, 0, 0, 0, 1, 0, 1, 0, 0, 0, 0, 0, 1, 0]",0.2950682044029236,5,1,0,0,1,0,0,0,1,0,1,0,0,0,0,0,1,0
003a771b49ec35167101c5842611cd35,"Thus,for example, the stigma attached to welfare recipients or the poor increases their disadvantage. Similarly, dignity and recognition wrongs can cause disadvantage.54 Undervaluing women’s work is a recognition wrong that directly causes socio-economic disadvantage; hence the right to equal pay for work of equal value is an important synthesis of the first two dimensions of the right to equality: redressing disadvantage and addressing stigma and stereotyping. This step has been taken by both the CESCR and the CEDAW Committee. Reporting Guidelines”, para 29; CESCR, Ecuador, op.",The right to equal pay for work of equal value is an important synthesis of the first two dimensions of the right to equality: redressing disadvantage and addressing stigma and stereotyping. This step has been taken by both the CESCR and the CEDAW Committee.,[5],"[5, 4, 1, 11]","[5, 4]","[1, 11]","[1, 0, 0, 1, 1, 0, 0, 0, 0, 0, 1, 0, 0, 0, 0, 0, 0]",0.3795642554759979,4,1,0,0,1,1,0,0,0,0,0,1,0,0,0,0,0,0
004008a7bcfb140797184b0f00fd675a,"In Bandung City, 44% of total revenue in 2016 is expected to come in the form of transfers from the national government. A common problem w'ith such automatic transfers is the way they are calculated. The General Allocation Fund is partly allocated based on the registered population in the local governments and does not take into account unregistered population, which is high in the City of Bandung.","In Bandung City, 44% of total revenue in 2016 is expected to come in the form of transfers from the national government. The General Allocation",[11],"[10, 8, 16, 17, 9]","[10, 8]","[16, 17, 9]","[0, 0, 0, 0, 0, 0, 0, 1, 1, 1, 0, 0, 0, 0, 0, 1, 1]",0.3883412778377533,5,0,0,0,0,0,0,0,1,1,1,0,0,0,0,0,1,1
0044d13c9660479fe02307d649e95837,"It deals with educational outcomes for these groups and analyses the main programmes targeted at them. The chapter places particular emphasis on areas of priority for Chile such as effective ways to use extra resources for disadvantaged students, the monitoring of the learning outcomes of specific student groups, and reflecting Indigenous cultures in the Chilean education system. The chapter also reviews strategies for rural education and the provision and funding of special needs education. First, it describes educational outcomes for these groups of students. Second, it considers the main programmes targeted to specific groups and analyses their strengths and challenges. Finally, the chapter provides some specific policy recommendations.",The chapter places particular emphasis on areas of priority for Chile. It deals with educational outcomes for these groups and analyses the main programmes targeted at them. It also reviews strategies for rural education and the provision and funding of special needs education.,[4],"[4, 9, 1, 13, 8]",[4],"[9, 1, 13, 8]","[1, 0, 0, 1, 0, 0, 0, 1, 1, 0, 0, 0, 1, 0, 0, 0, 0]",0.38864555954933167,5,1,0,0,1,0,0,0,1,1,0,0,0,1,0,0,0,0
0047195205677a5bcce79b52e4bfcd51,"Groundwater has been discussed in the context of pricing and financing (OECD, 2009a and 2009b), energy (OECD, 2012b), risk management (OECD, 2013e), and broader perspectives covering climate change (OECD, 2013d and 2014a). Groundwater is also featured in the reviews of water reforms at the country level (e.g. Fuentes, 2011; OECD, 2013b). All these reports include sections, sub-sections, paragraphs, or illustrations that relate to groundwater, but they do not convey policy conclusions specifically geared towards the managers of specific types of groundwater, especially in the context of agriculture. First, a consistent observation is that groundwater is generally under-studied and there is a need for more in-depth assessment of groundwater stocks, use, and management practices.","Groundwater has been discussed in the context of pricing and financing. Groundwater is also featured in the reviews of water reforms at the country level. There is a need for more in-depth assessment of groundwater stocks, use, and management practices.",[6],"[6, 15, 11, 17, 9]","[6, 15]","[11, 17, 9]","[0, 0, 0, 0, 0, 1, 0, 0, 1, 0, 1, 0, 0, 0, 1, 0, 1]",0.4960614740848541,5,0,0,0,0,0,1,0,0,1,0,1,0,0,0,1,0,1
004cf7b0bbc8f0f761c488a7f15eb866,"Some of these interlinkages and synergies are fundamental to facets of building climate change resilience and reducing inequalities. The interlinkages between climate change and other dimensions of development are also well reflected in other Goals. If the frequency and intensity of climate hazards increase, it will be harder for countries to end poverty and hunger, achieve food security, improve nutrition, promote sustainable agriculture and ensure healthy lives (Goals 1-3).","Interlinkages between climate change and other dimensions of development are also well reflected in other Goals. If the frequency and intensity of climate hazards increase, it will",[13],"[13, 11, 15, 17, 14]","[13, 11, 15, 17, 14]",[],"[0, 0, 0, 0, 0, 0, 0, 0, 0, 0, 1, 0, 1, 1, 1, 0, 1]",0.6528171300888062,5,0,0,0,0,0,0,0,0,0,0,1,0,1,1,1,0,1
004d6337ba90d278081c4b3d6f00a85f,"Those in the informal sector are often hit hardest by external shocks; lacking effective social protection coverage, they rely on the flexibility of shifting between different, if low-paid, tasks. When adversity strikes they are more isolated, with less access to networks and relationships of support. They can also be disadvantaged when it comes to emergency relief.","Those in the informal sector are often hit hardest by external shocks. They rely on the flexibility of shifting between different, if low",[1],"[9, 10, 8, 16, 1]",[9],"[10, 8, 16, 1]","[1, 0, 0, 0, 0, 0, 0, 1, 1, 1, 0, 0, 0, 0, 0, 1, 0]",0.40569499135017395,5,1,0,0,0,0,0,0,1,1,1,0,0,0,0,0,1,0
004d7719d6c26c11427bb3e89535efab,"Foster capacity-building at all levels of government. This implies combining investment in physical water and sanitation “hard” infrastructure with the provision of “soft’ infrastructure, which is essentially the institutions upon which water outcomes rely. The development of skills, technical expertise and knowledge and the availability of staff and time are preconditions for effective governance of water policy.",Foster capacity-building at all levels of government. This implies combining investment in physical water and sanitation ‘hard’,[6],"[6, 9, 11, 15, 17]","[6, 9, 11, 15, 17]",[],"[0, 0, 0, 0, 0, 1, 0, 0, 1, 0, 1, 0, 0, 0, 1, 0, 1]",0.5095859169960022,5,0,0,0,0,0,1,0,0,1,0,1,0,0,0,1,0,1
004df4e1e6a7122fe2876f4342e908d1,"At federal level, the National Water Commission (CONAGUA) is the main body in charge of water planning, financing and strategic setting; there is no overarching framework for the provision of water services which, according to the Constitution, is the responsibility of municipalities with varying levels of capacity and resources. The 1992 National Water Law has gradually transferred water resource responsibilities to 13 river basin organisations, which operate as CONAGUA implementing agencies. While some progress has been achieved in better managing interdependencies across stakeholders and creating an overarching framework for water resources management, much remains to be done to overcome the scattered regulatory framework for water services. Irrigation units typically operate without a legal identity and are not organised to voice their concerns.","At federal level, the National Water Commission (CONAGUA) is the main body in charge of water planning, financing and strategic setting. Irrigation units typically operate without a legal identity and are not organised to voice their concerns. The 1992 National Water Law has gradually transferred water resource responsibilities to 13 river basin organisations.",[6],"[6, 15, 13, 17, 16]","[6, 15]","[13, 17, 16]","[0, 0, 0, 0, 0, 1, 0, 0, 0, 0, 0, 0, 1, 0, 1, 1, 1]",0.4133017659187317,5,0,0,0,0,0,1,0,0,0,0,0,0,1,0,1,1,1
0059520388019c9dc0c8dda76c00bd9e,"In addition to rising sea levels and global temperatures, extreme weather events are becoming more common and natural habitats such as coral reefs are declining. These changes affect people everywhere, but disproportionately harm the poorest and the most vulnerable. Concerted action is urgently needed to stem climate change and strengthen resilience to pervasive and ever-increasing climate-related hazards.","Extreme weather events are becoming more common and natural habitats such as coral reefs are declining. These changes affect people everywhere, but disproportionately harm",[13],"[13, 14, 3, 15, 1]","[13, 14, 3, 15, 1]",[],"[1, 0, 1, 0, 0, 0, 0, 0, 0, 0, 0, 0, 1, 1, 1, 0, 0]",0.41713330149650574,5,1,0,1,0,0,0,0,0,0,0,0,0,1,1,1,0,0
0059f134c141fe1981c25551eca038ac,"In contrast, when electricity firms are controlled by investment funds, rather than forming part of transnational companies, there is less opportunity for operational synergies and knowledge transfers within the enterprise. If the presence of investment funds in the sector were to expand, it could produce a business model in which ownership of the assets (by the investment funds) is separated from their management ( in the hands of the electricity firms), in a system similar to that operated by some hotel groups. In that year, it purchased 38% of EDENOR, one of the leading energy distributors in Argentina. Later it increased its interests in this country with other transmission and generating companies.","When electricity firms are controlled by investment funds, there is less opportunity for operational synergies and knowledge transfers within the enterprise. If the presence of investment funds in the sector were to expand, it could produce a business model in which ownership of the assets is separated from their management.",[7],"[9, 17, 7, 8, 16]",[9],"[17, 7, 8, 16]","[0, 0, 0, 0, 0, 0, 1, 1, 1, 0, 0, 0, 0, 0, 0, 1, 1]",0.39431047439575195,5,0,0,0,0,0,0,1,1,1,0,0,0,0,0,0,1,1
0060bca9e7e186b86b4cf055d487ea36,"The implicit tax penalty for married women should also be removed, as the Federal Council is currently considering. More flexibility in working arrangements could further alleviate women’s cost of reconciling work and family life. For instance, facilitating flexi-time, annualised hours, job-sharing, part-time and telework options for both women and men, and creating paternity and/or consecutive, take-it-or-leave-it parental leave could facilitate transition in and out of the labour market.",More flexibility in working arrangements could further alleviate women’s cost of reconciling work and family life. The implicit tax penalty for married women should also be,[5],"[5, 10, 3, 1, 4]",[],"[5, 10, 3, 1, 4]","[1, 0, 1, 1, 1, 0, 0, 0, 0, 1, 0, 0, 0, 0, 0, 0, 0]",0.25205332040786743,5,1,0,1,1,1,0,0,0,0,1,0,0,0,0,0,0,0
0062160dc39a0a604227605439b17180,"There are many unqualified teachers in schools, as it is difficult to hire qualified teachers. One indication of the recognition of the important role of teachers in this context is Alberta’s inclusion of additional questions in the 2018 OECD Teaching and Learning International Survey pertaining to teachers’ and school leaders’ understanding of issues related to Indigenous cultures, history and working with Indigenous students, as well as on relevant professional development. The holistic approach of Indigenous peoples stresses how much these contribute to the overall well-being of children, as well as everyone else, in addition to factors such as material advantage and disadvantage. The trauma suffered by Indigenous peoples, including through the residential school system, is still acutely felt by many. Indeed, we were told that the symptoms of trauma may be increasing rather than diminishing with the passage of time, exacerbated through intergenerational relationships. Against this bigger picture, specific surveys of particular provinces and territories, and comparing Indigenous and non-Indigenous young people, can be better understood (Freeman, King and Pickett, 2016).","There are many unqualified teachers in schools, as it is difficult to hire qualified teachers. Alberta’s inclusion of additional questions in the 2018 OECD Teaching and Learning International Survey is an indication of the recognition of the important role of teachers in this context.",[4],[4],[],[4],"[0, 0, 0, 1, 0, 0, 0, 0, 0, 0, 0, 0, 0, 0, 0, 0, 0]",0.264549195766449,1,0,0,0,1,0,0,0,0,0,0,0,0,0,0,0,0,0
0065aaa240be58d5a1502859fac85680,"In other words, factors that might make a child more prone to experiencing deprivation in a single domain might not make that child more liable to being cumulatively deprived and vice versa. Living in a less densely populated area, for example, has little impact on children’s risks of domain deprivation (with the exception of Germany) and even predicts a lower probability of deprivation in the environment domain. Nevertheless, a child living in an intermediate or thinly populated area in either France or the UK faces higher odds of experiencing cumulative deprivation.","Living in a less densely populated area has little impact on children’s risks of domain deprivation (with the exception of Germany) Nevertheless, a child living in an intermediate or thinly populated area in either France or the UK faces higher odds of experiencing cumulative deprivation.",[1],"[3, 1, 2, 4, 11]","[3, 1, 2]","[4, 11]","[1, 1, 1, 1, 0, 0, 0, 0, 0, 0, 1, 0, 0, 0, 0, 0, 0]",0.34408819675445557,5,1,1,1,1,0,0,0,0,0,0,1,0,0,0,0,0,0
0069d4b9a97524a8083b72f7145c2175,"Female genital mutilation is sometimes a precursor to child marriage as it is associated with a woman’s “coming of age”. Female genital mutilation may also result in a variety of reproductive health issues, including maternal and infant mortality and obstetric fistula. Pre-natal sex selection and sex selective abortions are forms of discrimination against women and are symptomatic of the devalued status of women in society. In addition, over the past 60 years, numerous provisions in international legal and policy frameworks have called for legal measures to address “harmful practices”.","Female genital mutilation may also result in a variety of reproductive health issues, including maternal and infant mortality and obstetric fistula. Pre-natal sex selection and sex selective abortions are forms of discrimination against women.",[5],"[3, 5, 4]",[3],"[5, 4]","[0, 0, 1, 1, 1, 0, 0, 0, 0, 0, 0, 0, 0, 0, 0, 0, 0]",0.3586694598197937,3,0,0,1,1,1,0,0,0,0,0,0,0,0,0,0,0,0
00704743fa4f6f0708910f2aa61eaa36,"The programme relied on strategic integration of all relevant agencies involved in delivering mental health services for this group, and identifying children's needs in the school context. In addition to training teachers, this programme also consisted of social and emotional learning programmes. Parents and community' were also involved in the learning and social aspects of the initiative.","The programme relied on strategic integration of all relevant agencies involved in delivering mental health services for this group. In addition to training teachers,",[3],"[4, 9, 8, 5, 17]",[],"[4, 9, 8, 5, 17]","[0, 0, 0, 1, 1, 0, 0, 1, 1, 0, 0, 0, 0, 0, 0, 0, 1]",0.2286456674337387,5,0,0,0,1,1,0,0,1,1,0,0,0,0,0,0,0,1
0078213fc0005108502b27088b43cbf4,"Although a wide range of public health initiatives are in place, their impact is rarely evaluated. Furthermore, a recent WHO evaluation against essential public health functions found weaknesses mechanisms for perfonnance and accountability (particularly at sub-national level) and training of the public health workforce. A good example of this is the Comision de Enlace Salud, Industriay Comercio (COESAINCO, the Commission for liaison between health, industry and commerce), established in 2012. This brings together the Ministries of Health, Economics, External Trade and the Presidency, and a number of national trade and industry bodies (including those representing the pharmaceutical sector).","A recent WHO evaluation against essential public health functions found weaknesses mechanisms for perfonnance and accountability. A good example of this is the Comision de Enlace Salud, Industriay Comercio.",[3],"[16, 9, 8, 13, 11]","[16, 9]","[8, 13, 11]","[0, 0, 0, 0, 0, 0, 0, 1, 1, 0, 1, 0, 1, 0, 0, 1, 0]",0.349124014377594,5,0,0,0,0,0,0,0,1,1,0,1,0,1,0,0,1,0
00793f64e9c2a144baee10ec94c862e3,"Only 14 LDCs have even limited oil-refining capacity, the output of which is overwhelmed by that of the other manufacturing sectors. Similarly, available national accounts and employment data typically group together energy-related utilities — electricity and gas — and water supply, with no further breakdown. In households where both women and men are engaged in wood collection, the gender distribution of time savings may also differ significantly from that of time allocation: even if women spend more time than men collecting wood, a greater share of the time savings may accrue to men. This should be achieved through both centralized and decentralized energy technologies and systems, combining the three general models of grid extension, mini-grid access and off-grid access (AGECC, 2010).","Only 14 LDCs have even limited oil-refining capacity, which is overwhelmed by other manufacturing sectors. In households where both women and men are engaged in wood collection, the gender distribution of time savings may differ significantly from that of time allocation. This should be achieved through both centralized and decentralized energy technologies and systems.",[7],"[7, 12, 4, 14, 11]","[7, 12]","[4, 14, 11]","[0, 0, 0, 1, 0, 0, 1, 0, 0, 0, 1, 1, 0, 1, 0, 0, 0]",0.36433887481689453,5,0,0,0,1,0,0,1,0,0,0,1,1,0,1,0,0,0
0079ecf3ee3fb853b9e4a245944d0d6b,"The conclusion is that the evolution of the two components of the greenhouse gas intensity measure should be separately identifiable. The ratio itself could give an indication about the greening of production and about structural economic shifts, but not necessarily about the greening of growth. A decline in the emission intensity of production gives no indication of whether such a reduction has been achieved through genuine efficiency improvements or changes in the energy mix, or by substituting away from energy-intensive production through purchases of carbonintensive intermediate products abroad, among a number of other explanations.",A decline in the emission intensity of production gives no indication of whether such a reduction has been achieved. The evolution of the two components of the greenhouse gas intensity measure should be separately identifiable.,[7],"[12, 13, 14, 7, 15]","[12, 13]","[14, 7, 15]","[0, 0, 0, 0, 0, 0, 1, 0, 0, 0, 0, 1, 1, 1, 1, 0, 0]",0.3512299060821533,5,0,0,0,0,0,0,1,0,0,0,0,1,1,1,1,0,0
00807f106a220853aa9718a456be2814,"These are comprehensive and contemporary in their thinking and approaches, and align the country with international agreements and the EU approximation process. They set the country on the right path towards sustainable development. The challenge facing the Government now is to complete the high-priority strategic actions set forth and, in partnership with public enterprises, public institutions, the private sector, and the public, to apply the products of those actions in day-to-day administration. Its overall goal is to increase the contribution of the forestry sector to the national economy and rural development through sustainable forest management; reliance on renewable resources; protection of the local and global environment; and the delivery of products and services for improving the quality of life of all citizens.","The Government's overall goal is to increase the contribution of the forestry sector to the national economy and rural development. These are comprehensive and contemporary in their thinking and approaches, and align the country with international agreements and the EU approximation process.",[15],"[17, 8, 16, 11, 9]","[17, 8, 16, 11, 9]",[],"[0, 0, 0, 0, 0, 0, 0, 1, 1, 0, 1, 0, 0, 0, 0, 1, 1]",0.4908078610897064,5,0,0,0,0,0,0,0,1,1,0,1,0,0,0,0,1,1
00846c887bf9f4c8006e2b13ed12bcb8,"Of mammals, four species are extinct at the national level and five species are critically endangered (lynx, leopard, striped hyena, red deer and wild goat). Of the two species of tur - West Caucasian tur {Capra caucasica) and East Caucasian tur (Capra cylindricomis) - the West Caucasian tur has the smallest population size and is found in only a few areas of Georgia. Among ungulates, the rarest species is the wild goat (Capra aegagrus), found only in Tusheti Protected Areas with an estimated population size of 210.","Of mammals, four species are extinct at the national level and five species are critically endangered. Among ungulates, the rarest species is the wild goat (Capra aegagrus), found only in Tusheti Protected Areas with an estimated population size of 210.",[15],[15],[],[15],"[0, 0, 0, 0, 0, 0, 0, 0, 0, 0, 0, 0, 0, 0, 1, 0, 0]",0.23516979813575745,1,0,0,0,0,0,0,0,0,0,0,0,0,0,0,1,0,0
00864801b442bb957360e47bfe0575d9,"More males than females suffer and die from diarrhoea in every region except South-East Asia. Absence or inadequate provision of public toilets for women reflects - and reinforces - women's exclusion from public power and public spaces more generally. Yet many millions of people in the world lack even the most rudimentary means of obtaining safe water, while billions do not have sanitation facilities that are protected from outside contamination (UN 2015, UN 2014, UN-Women 2014, WHO and UNICEF 2014). Water and sanitation access, demand, provision, priority, health, organization and policy are gendered, even if this is manifested in different ways in different places. The gendered dimensions of the water, sanitation and hygiene (WASH) sector are increasingly reflected in public policy agendas, but concrete results have been partial and uneven. Water was generally thought of as a physical resource whose provision was determined, for the most part, by the hydrological cycle and physical infrastructure.",More males than females suffer and die from diarrhoea in every region except South-East Asia. Absence or inadequate provision of public toilets for women reflects - and reinforces - women's exclusion from public power.,[6],"[3, 4, 12, 5, 1]",[3],"[4, 12, 5, 1]","[1, 0, 1, 1, 1, 0, 0, 0, 0, 0, 0, 1, 0, 0, 0, 0, 0]",0.31923165917396545,5,1,0,1,1,1,0,0,0,0,0,0,1,0,0,0,0,0
00866ed06339fbe351d2fb3157ce5042,"Drawing on the sub-set of AfT data within the CRS, the OECD data show that - for all donors and for all developing countries - flows classified under TRA (the final and barely visible column on the right) are negligible compared with the other three categories, particularly those destined for ‘building productive capacity’ or ‘economic infrastructure’. As shown in Table 13.1, the negligible share of measured TRA in relation to total AfT flows is present across all major country classifications, irrespective of the year chosen in the CRS database. For 2009, TRA flows do not equal more than 0.38 per cent of the value of total AfT flows when countries are disaggregated by geographic area, income group or status as an SVE.","OECD data show that - for all donors and for all developing countries - flows classified under TRA are negligible compared with the other three categories. For 2009, TRA flows do not equal more than 0.38 per cent of the value of total AfT flows.",[10],"[10, 16]",[],"[10, 16]","[0, 0, 0, 0, 0, 0, 0, 0, 0, 1, 0, 0, 0, 0, 0, 1, 0]",0.2879202365875244,2,0,0,0,0,0,0,0,0,0,1,0,0,0,0,0,1,0
0086fbc04a08e9d44b3f2742da11a0b1,"So the implications of moving to neutral policies (free trade) will vary within and between food exporters and food importers. This approach subsumes the combined effects of policies and transaction costs in impeding price transmission. Data from the FAO Global Information and Early Warning System show that recent food price increases have had heterogeneous impacts (Sharma, 2012).",Free trade will vary within and between food exporters and food importers. This approach subsumes the combined effects of policies and transaction,[2],"[12, 10, 8, 16]",[12],"[10, 8, 16]","[0, 0, 0, 0, 0, 0, 0, 1, 0, 1, 0, 1, 0, 0, 0, 1, 0]",0.3155285120010376,4,0,0,0,0,0,0,0,1,0,1,0,1,0,0,0,1,0
008baba8edac85b8a4a4b2423b2f4f68,"According to ECLAC estimates, between 2002 and 2014 poverty and extreme poverty both fell considerably in the region: the poverty rate from 44.5% to 27.8%, and the extreme poverty rate from 11.2% to 7.8%, with the steepest fall occurring in the first half of that period. However, in 2015 and again in 2016 both rates rose, representing a setback that was especially severe in the case of extreme poverty. In turn, the extreme poverty rate will likely remain at the same level as in 2017, which would push up the numbers living in this situation by around 1 million. A range of procedures and assumptions are adopted for these measurements, which gives them the specificity necessary for use in the national context, but limits their comparability between countries.","Between 2002 and 2014 poverty and extreme poverty both fell considerably in the region. In 2015 and again in 2016 both rates rose, representing a setback in the case of extreme poverty. In turn, the extreme poverty rate will likely remain at the same level as in 2017.",[1],"[1, 2, 10, 4, 3]","[1, 2, 10, 4]",[3],"[1, 1, 1, 1, 0, 0, 0, 0, 0, 1, 0, 0, 0, 0, 0, 0, 0]",0.6107958555221558,5,1,1,1,1,0,0,0,0,0,1,0,0,0,0,0,0,0
009408d19e771891fcce817c7c7316db,"Following their concerns that physicians across the Japanese health system were not able to identify signs of psychological distress which could help reduce suicide, the Japanese Medical Association reports that they began sharing information and guidance on depression with all doctors, first in 2004 and then again in 2009. At present, only indicators on the rate of seclusion and restraint, and involuntary admission, are collected by providers and at a Prefectural level. Systematically collected information on the mental health care system is limited to structural indicators - facilities, staff numbers, bed numbers.","Japanese Medical Association began sharing information and guidance on depression with all doctors, first in 2004 and then again in 2009. At present, only indicators on the rate of seclusion and restraint, and involuntary admission, are collected by providers and at a Prefectural level.",[3],[],[],[],"[0, 0, 0, 0, 0, 0, 0, 0, 0, 0, 0, 0, 0, 0, 0, 0, 0]",0.09731139242649078,0,0,0,0,0,0,0,0,0,0,0,0,0,0,0,0,0,0
0097c0f798f0b5c53e2efe8fe99f7b18,"The benefits of this are: reduced infrastructure costs, the potential for less car use for commuting if people live near where they w'ork and preserving land for agriculture and nature. To maintain support for the plan’s objectives, the two core communes may have to compensate these losing communes, w'hich of course reduces the benefits of the strategy. Moreover, the spatial strategy seems to assume that new employers will be w illing to settle for a higher cost and more complex to develop browmfield sites in Nantes or Saint-Nazaire over greenfield sites in a rural commune.","To maintain support for the plan’s objectives, the two core communes may have to compensate these losing communes. The benefits of this are: reduced infrastructure costs, the potential for less car use for commuting if people live near where they w'ork.",[11],"[11, 17, 9, 7, 8]","[11, 17, 9, 7]",[8],"[0, 0, 0, 0, 0, 0, 1, 1, 1, 0, 1, 0, 0, 0, 0, 0, 1]",0.34184297919273376,5,0,0,0,0,0,0,1,1,1,0,1,0,0,0,0,0,1
009884c9b9157d1d54f2194426ce3c87,"On average, women do the greatest share of unremunerated housework and childcare in Korea, Japan, Mexico, Portugal, Turkey and Italy, where women undertake more than three-quarters of all unpaid work. Women in Turkey and Mexico spend the most time per day on unpaid work, in absolute values, at over six hours per day on average, compared with under two hours for men (OECD Gender Data Portal). The gaps are typically even larger in developing countries (OECD, 2014a), where inadequate access to time-saving infrastructure (e.g., water piped into the home) and technology (e.g., washing machines) increases the total time required for unpaid work.","Women do the greatest share of unremunerated housework and childcare in Korea, Japan, Mexico, Portugal, Turkey and Italy. Women in Turkey and Mexico spend the most time per day on unpaid work, in absolute values.",[5],"[5, 4, 1, 3, 8]","[5, 4, 1]","[3, 8]","[1, 0, 1, 1, 1, 0, 0, 1, 0, 0, 0, 0, 0, 0, 0, 0, 0]",0.34663689136505127,5,1,0,1,1,1,0,0,1,0,0,0,0,0,0,0,0,0
009fbfac66b71e1abe9b4fdc5c941f64,"Many poor producers are unable to access government support programmes because they lack the necessary capital to contribute the required investment costs. Supporting the organisation of irrigation units and increasing investments in these structures would allow members to jointly apply for government resources and facilitate monitoring functions. The Lerma River, with a length of 750 kilometres, is originated in Mexico’s central high plateau at an altitude beyond 3 000 metres above sea level and ends in Lake Chapala, the largest tropical lake in the country. Between 2002 and 2005, the Lerma Chapala River Basin Council, in its search for a solution to the depletion and contamination of Lake Chapala, entered into a negotiation process to reach a new water allocation agreement.","The Lerma River, with a length of 750 kilometres, is originated in Mexico’s central high plateau. Many poor producers are unable to access government support programmes because they lack the necessary capital to contribute the required investment costs. Supporting the organisation of irrigation units and increasing investments in these structures would allow members to jointly apply for government resources.",[6],"[17, 9, 6, 15, 16]",[17],"[9, 6, 15, 16]","[0, 0, 0, 0, 0, 1, 0, 0, 1, 0, 0, 0, 0, 0, 1, 1, 1]",0.30600249767303467,5,0,0,0,0,0,1,0,0,1,0,0,0,0,0,1,1,1
00a0ebb490133c4edb55806389dc21ef,"While voluntary donations have a strong tradition in Israel, higher education institutions or the authorities did not seem to well-developed mechanisms to support it. Recognising that the investment in the infrastructure of fundraising can generate real rates of return, some OECD countries, for example the United Kingdom, have sought to stimulate this activity by matched funding schemes (see Box 4.4.). The matched funding scheme began in August 2008 for a three year period. Funding was available to match eligible gifts raised by English higher education institutions and directly funded further education colleges.",Voluntary donations have a strong tradition in Israel. But higher education institutions or the authorities did not seem to well-developed mechanisms to support it. Some OECD countries have sought to stimulate this activity by matched funding schemes.,[4],"[17, 16, 9, 8, 4]","[17, 16, 9]","[8, 4]","[0, 0, 0, 1, 0, 0, 0, 1, 1, 0, 0, 0, 0, 0, 0, 1, 1]",0.3409929871559143,5,0,0,0,1,0,0,0,1,1,0,0,0,0,0,0,1,1
00a2774330f814de7dfc36b09757ab14,"This ranges from 50% in Malaysia to 80% in Singapore, 95% in Korea and up to 100% in China (though it is notable that other security, including equity, may be required by some guarantee providers in China which will affect the effective risk/reward ratio). It is also noteworthy that the tenor of these loans, when provided by commercial banks, is relatively short (commonly 1 year in China, otherwise generally 2-3 years or less), compared with the approach taken by dedicated funds such as MDV in Malaysia (over 5 years with up to 12 months’ repayment holiday). Measures to broaden the availability of skilled valuers are apparent in several markets, though the Japan Patent Office has taken a more direct approach by directing the provision of the valuation reports itself, albeit provided by private sector companies.","This ranges from 50% in Malaysia to 80% in Singapore, 95% in Korea and up to 100% in China. Measures to broaden the availability of skilled valuers are apparent in several markets. Japan Patent Office has taken a more direct approach by directing the provision of the valuation reports itself.",[8],"[10, 9, 8, 17]",[],"[10, 9, 8, 17]","[0, 0, 0, 0, 0, 0, 0, 1, 1, 1, 0, 0, 0, 0, 0, 0, 1]",0.2987242341041565,4,0,0,0,0,0,0,0,1,1,1,0,0,0,0,0,0,1
00a4e14be1c562dbc7462d204c860489,"The Bay provides significant economic and recreational benefits to the water catchment’s population, estimated to exceed USD 33 billion annually (U.S. Environmental Protection Agency, 2010a). While total pollution levels have declined since 1985, most of the Bay’s waters are degraded and are incapable of fully supporting fishing, crabbing, or recreational activities. Algal blooms fed by nutrient pollution block sunlight from reaching underwater Bay grasses and lead to low oxygen levels in the water.","The Bay provides significant economic and recreational benefits to the water catchment’s population, estimated to exceed USD 33 billion annually (U.S. Environmental Protection Agency",[6],"[6, 14, 15, 12, 11]","[6, 14, 15, 12]",[11],"[0, 0, 0, 0, 0, 1, 0, 0, 0, 0, 1, 1, 0, 1, 1, 0, 0]",0.5198224186897278,5,0,0,0,0,0,1,0,0,0,0,1,1,0,1,1,0,0
00ab9cf7c4586f52a8f83f7fe05979b2,"Meanwhile, in some countries the predominance of the growth effect in each period was different. In Honduras and Mexico, the role played by the growth effect remained the same in both periods, while in Guatemala and Uruguay, its influence was greater between 2002 and 2008 than in 1990-2002. Between 1990 and 2008, variations in the Gini coefficient correlated closely with the share of the distribution effect in reducing poverty (see figure 1.10).","In Honduras and Mexico, the role played by the growth effect remained the same in both periods. In Guatemala and Uruguay, its influence was greater between 2002 and 2008 than",[1],"[10, 8, 17, 16, 9]","[10, 8, 17]","[16, 9]","[0, 0, 0, 0, 0, 0, 0, 1, 1, 1, 0, 0, 0, 0, 0, 1, 1]",0.35063061118125916,5,0,0,0,0,0,0,0,1,1,1,0,0,0,0,0,1,1
00b27b910b3d4f157a3f0a7c503ebf0e,"Over the past approximately 40 years, however, there has also been increasing interest in the role it can play in supporting learning, often called “formative assessment” or “assessment for learning”. This chapter presents a brief overview of how the concept of formative assessment has developed in recent years; in particular, how the central idea has expanded from an original focus on feedback to a wider perspective on classroom practice. It presents evidence on the impact of formative assessment on learning and discusses definitional issues.","Over the past approximately 40 years, there has also been increasing interest in the role it can play in supporting learning. The central idea has expanded from an original focus on feedback to a wider perspective on classroom practice. It presents evidence on the impact of formative assessment on learning.",[4],[4],[],[4],"[0, 0, 0, 1, 0, 0, 0, 0, 0, 0, 0, 0, 0, 0, 0, 0, 0]",0.22958166897296906,1,0,0,0,1,0,0,0,0,0,0,0,0,0,0,0,0,0
00b5304d320dc25ad1918e09308db149,"The forests and OWL are especially remarkable in terms of vegetation diversity. The biodiversity of Turkmenistan is not only rich but also unique due to the country’s geographical position and relief, and the specific evolution of its flora and fauna. The higher plants are currently represented by 3,140 species, of which 47 are tree species and 88 are shrubs. The 1999 Red Data Book lists 109 plant species, including 15 species of trees and bushes (Chapter 10). Plants differ in their resource significance, range of useful features and possibilities for practical use.","The biodiversity of Turkmenistan is not only rich but also unique due to the country’s geographical position and relief. The higher plants are currently represented by 3,140 species. The 1999 Red Data Book lists 109 plant species, including 15 species of trees and bushes.",[15],[15],[],[15],"[0, 0, 0, 0, 0, 0, 0, 0, 0, 0, 0, 0, 0, 0, 1, 0, 0]",0.2552546262741089,1,0,0,0,0,0,0,0,0,0,0,0,0,0,0,1,0,0
00b60c5d6222e7c4c0f976e0fdcc4bf6,"The shift cannot be left to individual actors, it requires government support through a broad package of policy tools. This chapter explores the role of government in supporting the transition towards sustainable lifestyles, considers what is required for encouraging sustainable behaviour and details policy options such as choice editing, advertising, promoting sustainable products and increasing product information. While the industrialised countries have plateaued in their population growth, established at high levels of consumption, emerging economies, starting from a low consumption base, are on the rise, both in terms of numbers and in aspiration to join the ranks of consumerism being broadcast across western TV channels.","This chapter explores the role of government in supporting the transition towards sustainable lifestyles. It details policy options such as choice editing, advertising, promoting sustainable products and increasing product information. The shift cannot be left to individual actors, it requires government support through a broad package of policy tools.",[12],"[12, 17, 11, 8, 7]","[12, 17, 11, 8, 7]",[],"[0, 0, 0, 0, 0, 0, 1, 1, 0, 0, 1, 1, 0, 0, 0, 0, 1]",0.40982407331466675,5,0,0,0,0,0,0,1,1,0,0,1,1,0,0,0,0,1
00b7fa1e2b399f62b9d3d26277f03411,"The discriminatory practices of financial institutions, such as the requirement that men should sign women’s documents, must be eliminated. But formal financial institutions need to do more than merely lower the entry barriers to female micro-owners. They must improve their performance in funding the growth of female-owned businesses.","The discriminatory practices of financial institutions, such as the requirement that men should sign women’s documents, must be",[5],"[5, 4, 16]","[5, 4]",[16],"[0, 0, 0, 1, 1, 0, 0, 0, 0, 0, 0, 0, 0, 0, 0, 1, 0]",0.36491110920906067,3,0,0,0,1,1,0,0,0,0,0,0,0,0,0,0,1,0
00c16aa468450d58744809cc0e3ca7ae,"For example, it is anticipated that these countries will experience serious damage due to floods and droughts. However, even developed countries cannot always avoid more violent physical events, such as torrential rainfall or severe drought, on a previously unimaginable scale. Hurricane Katrina in 2005 is representative of an event of such a large-scale impact; it destroyed protective levees and seriously damaged the city of New Orleans.","Even developed countries cannot always avoid more violent physical events, such as torrential rainfall or severe drought. Hurricane Katrina in 2005 is representative of an event of",[13],"[13, 11, 3, 9, 17]",[13],"[11, 3, 9, 17]","[0, 0, 1, 0, 0, 0, 0, 0, 1, 0, 1, 0, 1, 0, 0, 0, 1]",0.4359888434410095,5,0,0,1,0,0,0,0,0,1,0,1,0,1,0,0,0,1
00c6d9b65201b583a68308c7029ebb67,"Countries with indigenous people should achieve infant and under-5 mortality levels among their indigenous people that are the same as those of the general population. By 2005, countries with intermediate mortality levels should aim to achieve an infant mortality rate below 50 deaths per 1,000 and an under-5 mortality rate below 60 deaths per 1,000 births. By 2015, all countries should aim to achieve an infant mortality rate below 35 per 1,000 live births and an under-5 mortality rate below 45 per 1,000. Countries that achieve these levels earlier should strive to lower them further.","By 2015, all countries should aim to achieve an infant mortality rate below 35 per 1,000 live births. By 2005, countries with intermediate mortality levels should aim for an under-5 mortality rate of below 60 per1,000 births.",[3],"[3, 2, 10, 1, 8]","[3, 2, 10, 1]",[8],"[1, 1, 1, 0, 0, 0, 0, 1, 0, 1, 0, 0, 0, 0, 0, 0, 0]",0.6942883133888245,5,1,1,1,0,0,0,0,1,0,1,0,0,0,0,0,0,0
00c6e77bda20d34c19d12b277d0249bb,"In that context, the forthcoming initiative by the Korean government to accelerate the renewal of water supply and sanitation infrastructure can contribute to the further deployment of K-SWM at local level. Efforts to minimise non-revenue water will resonate with users’ priorities and concerns when water tariffs better reflect the full cost of supplying water, including the cost of investing in and operating and maintaining the w'ater supply infrastructure, the environmental and opportunity costs of abstracting water and preventing other uses (for industry, the environment, or else). Similarly, a municipality or utility will only be able to finance K-SWM w'hen water savings compensate investment and operating costs, that is, when revenues from water tariffs tend to reflect full water supply costs. This explains why the diffusion of SWM in Korea is directly related to issues discussed in Chapter 3, and to other issues related to tariffs for water supply and sanitation services (an issue not covered in this report).","Efforts to minimise non-revenue water will resonate with users’ priorities and concerns. Water tariffs better reflect the full cost of supplying water, including the cost of investing in and operating and maintaining the w'ater supply infrastructure.",[6],"[6, 7, 14, 15, 12]","[6, 7, 14, 15, 12]",[],"[0, 0, 0, 0, 0, 1, 1, 0, 0, 0, 0, 1, 0, 1, 1, 0, 0]",0.48954683542251587,5,0,0,0,0,0,1,1,0,0,0,0,1,0,1,1,0,0
00c887f53530ac90b4b8b85a7fdf0813,"Aging infrastructure and a lack of government management capacity are leading to insufficient and inconsistent water deliveries, sometimes stalling industrial activity. Both public and private actors have begun to recognize that solving global water challenges is not a solitary endeavour. This process has resulted in notable water savings and pollution reduction, mitigating environmental and social impacts and often reducing water and related costs (i.e., energy, chemicals) to the business. An industrial facility’s exposure to risk thus depends on the ability of public water policy and management to deliver water services, to address water-related risks over the long term, to create effective allocation regimes, and to develop and enforce water quality regulations.","Both public and private actors have begun to recognize that solving global water challenges is not a solitary endeavour. Aging infrastructure and a lack of government management capacity are leading to insufficient and inconsistent water deliveries, sometimes stalling industrial activity.",[6],"[6, 15, 9, 7, 14]","[6, 15, 9, 7, 14]",[],"[0, 0, 0, 0, 0, 1, 1, 0, 1, 0, 0, 0, 0, 1, 1, 0, 0]",0.5418382287025452,5,0,0,0,0,0,1,1,0,1,0,0,0,0,1,1,0,0
00d1f63db99df50cb6e61519d2a32f50,"This technology bank for the LDCs was officially established on 23 December 2016, through the adoption of the UN General Assembly Resolution A/71/L.52. In addition, ITU's Membership recognized the importance of ICTs for LDCs by adopting specific targets for the LDCs in its Connect 2020 Agenda (ITU, 2014). Target 2, on inclusiveness, includes specific targets on household access to ICTs, Internet use, and affordability in the LDCs. Most have been primarily based on basic, low-bandwidth mobile cellular technologies.","This technology bank for the LDCs was officially established on 23 December 2016. Most have been primarily based on basic, low-bandwidth mobile cellular technologies.",[9],"[16, 6, 9, 7, 17]",[],"[16, 6, 9, 7, 17]","[0, 0, 0, 0, 0, 1, 1, 0, 1, 0, 0, 0, 0, 0, 0, 1, 1]",0.23046188056468964,5,0,0,0,0,0,1,1,0,1,0,0,0,0,0,0,1,1
00d7b9c53e6611875c11832531cae00f,"However, this tax credit is due to expire in 2012. Wemau (2011a) estimates that up to one-fifth of the state’s power generation capacity could decide to exit the market rather than invest in the necessary upgrades, potentially driving up the price of coal by 65% and offering opportunities for renewable energy sources. It saves approximately 47 000 tons of CO2 per year and replaces annually over eight million private vehicle trips in the city of Calgary.",This tax credit is due to expire in 2012. It saves approximately 47 000 tons of CO2 per year. It replaces annually over eight million private vehicle trips in the city of,[7],"[12, 14, 7, 3, 15]","[12, 14]","[7, 3, 15]","[0, 0, 1, 0, 0, 0, 1, 0, 0, 0, 0, 1, 0, 1, 1, 0, 0]",0.33074751496315,5,0,0,1,0,0,0,1,0,0,0,0,1,0,1,1,0,0
00e09564a8affb94486f0762b7d237a9,"The regions with wider gender gaps in primary enrolment are not necessarily the ones with the strongest gender focus in aid to education. Country groupings are defined in the Annex II.A2. Meanwhile, only 68% of the aid to primary education targeted gender equality in Sub-Saharan Africa where, except for some countries in Southern Africa, primary school enrolment had some of the highest levels of gender disparity (see Chapter 4). There is therefore scope for DAC members to increase the gender equality focus of their aid to primary education in Sub-Saharan Africa.","Only 68% of the aid to primary education targeted gender equality in Sub-Saharan Africa. Except for some countries in Southern Africa, primary school enrolment had some of the highest levels of gender disparity.",[5],"[4, 5, 1, 3, 8]","[4, 5]","[1, 3, 8]","[1, 0, 1, 1, 1, 0, 0, 1, 0, 0, 0, 0, 0, 0, 0, 0, 0]",0.4806572496891022,5,1,0,1,1,1,0,0,1,0,0,0,0,0,0,0,0,0
00e6c8802fe3757149fe6c3aebfd1f65,"A Research and Innovation Framework was developed by late 2011 and innovation became part of the Department’s strategic plan. The focus has been on equity, excellence and sustainability, identifying and up-scaling innovation, as well as establishing system-wide directions for innovation. The focus was primarily on improvement in literacy and numeracy initially, subsequently extended to other areas of the curriculum.","A Research and Innovation Framework was developed by late 2011. The focus has been on equity, excellence and sustainability.",[4],"[9, 8, 11, 17, 6]","[9, 8, 11, 17, 6]",[],"[0, 0, 0, 0, 0, 1, 0, 1, 1, 0, 1, 0, 0, 0, 0, 0, 1]",0.4680187404155731,5,0,0,0,0,0,1,0,1,1,0,1,0,0,0,0,0,1
00e8055990de08329be9094779c9a647,"Investments in education help to reduce the intergenerational transmission of poverty. Although the share of the people who are educated varies greatly among the Asia Pacific LDCs, for both women and men, the poorest are less likely to be educated. The gender gap is also considerable. The differences in educational attainment between the ultra poor and the subjacent poor are large, with the poorest the least educated.","The share of the people who are educated varies greatly among the Asia Pacific LDCs. For both women and men, the poorest are less likely to",[1],"[1, 4, 10, 3]",[1],"[4, 10, 3]","[1, 0, 1, 1, 0, 0, 0, 0, 0, 1, 0, 0, 0, 0, 0, 0, 0]",0.349569171667099,4,1,0,1,1,0,0,0,0,0,1,0,0,0,0,0,0,0
00e8dd13f3afe5f60625aac3a0f66e01,"The focus on rice has spurred the use of policies that are targeted towards achieving self-sufficiency in at least rice, or across a number of staple products. The interest in rice by governments in the region is driven by its importance to both consumers and producers. High rates of rice consumption and the dominance of the sector in overall production (Chapter 1) mean that rice and its price are critical for incomes (for producers) and consumption (all households).",The focus on rice has spurred the use of policies that are targeted towards achieving self-sufficiency in at least rice. The interest in rice by governments in the region is driven by,[2],"[17, 8, 12, 11, 9]","[17, 8, 12]","[11, 9]","[0, 0, 0, 0, 0, 0, 0, 1, 1, 0, 1, 1, 0, 0, 0, 0, 1]",0.40763750672340393,5,0,0,0,0,0,0,0,1,1,0,1,1,0,0,0,0,1
00ea9b8feb4f78ed461227a6aa9e9a04,"This chapter provides the reader with a broad overview of the Chilean social and economic context, as well as the main features of the Chilean education system. The report also evaluates student learning outcomes in the country. A final section provides a snapshot of the context in which this report was prepared.",This report provides a broad overview of the Chilean social and economic context. The report also evaluates student learning outcomes in the country,[4],"[4, 8, 10, 9]",[4],"[8, 10, 9]","[0, 0, 0, 1, 0, 0, 0, 1, 1, 1, 0, 0, 0, 0, 0, 0, 0]",0.32921573519706726,4,0,0,0,1,0,0,0,1,1,1,0,0,0,0,0,0,0
00eb8a1bb8907d8ae8c0ad3872a91cc9,"In Germany, 5.8% of families practice such a “reduced-fulltime-plus-part-time model”. The male breadwinner model is the most widely practiced by couples in most Southern European countries, with the exception of Portugal, where both partners usually work over 40 hours per week. The combination is also widespread in Norway, France, Finland, Denmark and Belgium.","The male breadwinner model is the most widely practiced by couples in most Southern European countries. In Germany, 5.8",[5],"[3, 4, 2]",[],"[3, 4, 2]","[0, 1, 1, 1, 0, 0, 0, 0, 0, 0, 0, 0, 0, 0, 0, 0, 0]",0.2489701509475708,3,0,1,1,1,0,0,0,0,0,0,0,0,0,0,0,0,0
00f0243f4a7917f5d4dc13047c43a47c,"Alternative basic education (ABE) facilities offer three years with an alternative curriculum as a substitute for the four years that is the regular primary first cycle. The secondary level consists of two cycles of two years each: 9—10 and 11-12. Those who complete ten years of schooling may either enter the second cycle to prepare for higher education, or enter TVET institutions to be trained for productive employment (see Figure 8.1).",Alternative basic education (ABE) facilities offer three years with an alternative curriculum. The secondary level consists of two cycles of two years each: 9—10 and,[4],[4],[],[4],"[0, 0, 0, 1, 0, 0, 0, 0, 0, 0, 0, 0, 0, 0, 0, 0, 0]",0.2836381196975708,1,0,0,0,1,0,0,0,0,0,0,0,0,0,0,0,0,0
00f4c08051a4fa4c96dc072aaa9160cd,"Globally, the TC/PL values remain stable for most of the OECD countries. However, in some countries the trend is decreasing. In Korea, the total capacity increased considerably at the end of the 1990s (because of its considerable nuclear programme), but the high economic growth rate led to considerable electricity consumption, resulting in an important decrease of TC/PL in 2000-2007. The electricity generated by nuclear is only slightly sensitive to the variations of the price of uranium, contrary to energy sources burning fossil fuel."," Globally, the TC/PL values remain stable for most of the OECD countries. In Korea, the total capacity increased considerably at the end of the 1990s (because of its considerable nuclear programme)",[7],"[8, 10, 17, 12, 7]","[8, 10, 17, 12]",[7],"[0, 0, 0, 0, 0, 0, 1, 1, 0, 1, 0, 1, 0, 0, 0, 0, 1]",0.3677808344364166,5,0,0,0,0,0,0,1,1,0,1,0,1,0,0,0,0,1
00f8505783391027c1195b2deaa55907,"Develop a strategy to raise education quality in small primary schools. Steps should be taken to consolidate or close small schools when others nearby can provide better quality'. The MEP should ensure that the remaining small remote schools receive adequate, appropriate educational materials as well as support in establishing links with other schools to share resources, break isolation, and exchange good practices.","MEP should ensure that the remaining small remote schools receive adequate, appropriate educational materials. Develop a strategy to raise education quality in small primary schools",[4],"[4, 8, 9, 17, 5]","[4, 8, 9]","[17, 5]","[0, 0, 0, 1, 1, 0, 0, 1, 1, 0, 0, 0, 0, 0, 0, 0, 1]",0.40648430585861206,5,0,0,0,1,1,0,0,1,1,0,0,0,0,0,0,0,1
00faca91a64b0120d09fa5867fb919be,"The second wave of entrants, starting from 1986, was composed of giant consumer electronic firms attracted by generous tax incentives, soon to be followed by leaders in the disk drive and computer segments (Rasiah, 2006). Apart from protection, the state was instrumental in providing subsidies for acquiring foreign technologies, e.g. for the national car project “Proton” and its engine and gear-box technologies from Mitsubishi. It renewed and strengthened the financial incentives to export-oriented firms and complemented these with specific stimuli for higher value-added activities,2 such as tax allow'ances on firms’ training and R&D expenditures (UNIDO, 2003).","The second wave of entrants, starting from 1986, was composed of giant consumer electronic firms attracted by generous tax incentives. Apart from protection, the state was instrumental in providing subsidies for acquiring foreign technologies.",[9],"[9, 17, 10]",[9],"[17, 10]","[0, 0, 0, 0, 0, 0, 0, 0, 1, 1, 0, 0, 0, 0, 0, 0, 1]",0.30051741003990173,3,0,0,0,0,0,0,0,0,1,1,0,0,0,0,0,0,1
00feff43e454d2a5eb1dbe51030090cd,"But contribution credits have become particularly important after the introduction of defined contribution systems that strengthen the link between contributions and benefits. Anna D’Addio estimates what would happen if these credits did not exist in a number of OECD and EU countries and finds that mothers’ replacement rates would decrease by 3 to 7 percentage points on average with between 3 and 15 years of career interruption (D’Addio 2012:90). Positive effects, especially for women in the lowest income groups, have also been found in estimations for Chile (Fajnzylber20i3).Anotherstudy,focused onthe United States, finds that contribution credits and minimum benefits favour women in the poorest social strata while divorce benefits are mostly oriented to women in the highest income groups (Herd 2005).","Mothers’ replacement rates would decrease by 3 to 7 percentage points on average with between 3 and 15 years of career interruption. Positive effects, especially for women in the lowest income groups, have also been found in estimations for Chile.",[5],"[3, 10, 1, 4, 2]","[3, 10]","[1, 4, 2]","[1, 1, 1, 1, 0, 0, 0, 0, 0, 1, 0, 0, 0, 0, 0, 0, 0]",0.38713669776916504,5,1,1,1,1,0,0,0,0,0,1,0,0,0,0,0,0,0
01092fe962f8c4c83e9b9add20e26f25,"In particular, these support schemes keep renewable energies to different degrees isolated from market signals. This section of the study reviews this interaction, i.e. how the different types of support schemes efficiently transfer economic and market signals in a liberalised market framework. In Europe for example, the cap-and-trade emissions trading system of the European Union, the EU ETS, cohabits with different national renewable support policies.","In Europe for example, the cap-and-trade emissions trading system of the European Union, the EU ETS, cohabits with different",[7],"[9, 10, 16]",[],"[9, 10, 16]","[0, 0, 0, 0, 0, 0, 0, 0, 1, 1, 0, 0, 0, 0, 0, 1, 0]",0.2248782217502594,3,0,0,0,0,0,0,0,0,1,1,0,0,0,0,0,1,0
010967789fb30c0feff3400f15fb2e3a,"A wide range of species are fanned including fish, crustaceans and molluscs, bivalves and aquatic plants (seaweed). In 2011, OECD countries produced about 6.85 million tonnes including aquatic plants of which diadromous fish (e.g. salmon) contributed 36.6% followed by molluscs (27.8%), aquatic plants (19.8%), marine fishes (8.8%), freshwater fishes (4.2%), and crustaceans (2.5%) (Source: Fisheries and Aquaculture Information and Statistics Service, FAO) (Table 3.1). The OECD/FAO Agriculture Outlook 2013 expects world fisheries production to expand to a total of 181 million tonnes by 2022 (which includes 15,6 million tonnes of fish for reduction to meal and oil), of which 85 million tonnes will come from aquaculture. These projections seem to be rather conservative compared to the increases that have taken place over the past two decades.","In 2011, OECD countries produced about 6.85 million tonnes including aquatic plants. Diadromous fish (e.g. salmon) contributed 36.6% followed by molluscs (27.8%), aquatic plants (19.8%) and crustaceans (2.5%) The OECD/FAO Agriculture Outlook 2013 expects world fisheries production to expand to a total",[14],"[14, 12, 8, 15, 17]","[14, 12]","[8, 15, 17]","[0, 0, 0, 0, 0, 0, 0, 1, 0, 0, 0, 1, 0, 1, 1, 0, 1]",0.39115118980407715,5,0,0,0,0,0,0,0,1,0,0,0,1,0,1,1,0,1
010df06fab816a8639d73043cc046408,"Projects aimed at reducing travel distances and thus increasing residential and employment density, accompanied by adequate mobility planning and transit supply, can be effective in decreasing the demand for transport as well as stimulating modal split toward less polluting modes. A number of empirical (mainly economic) studies confirm the positive effect of denser urban form on reducing travel distance per capita (e.g., Boamet and Sarmiento, 1999; Bento et al., As mentioned in the first section, building-related energy use accounts for approximately 24% of overall domestic energy demand, taking into account the building’s life cycle (construction, operation and demolition).",Building-related energy use accounts for approximately 24% of overall domestic energy demand. A number of empirical studies confirm the positive effect of denser urban form on reducing travel distance per capita.,[11],"[7, 17, 11, 10]",[7],"[17, 11, 10]","[0, 0, 0, 0, 0, 0, 1, 0, 0, 1, 1, 0, 0, 0, 0, 0, 1]",0.30691200494766235,4,0,0,0,0,0,0,1,0,0,1,1,0,0,0,0,0,1
0125f2a61a7e872b138ef896a947b59c,"Actuarial projections allow predicting the likely evolution of the population and therefore the future number of individuals included in each cell of the model. Future health expenditure is determined by multiplying the average costs by the projected number of individuals included in each cell. More advanced cohort-based models take into account trends in disabilities as w'ell as factors influencing epidemiologic trends such as, individual behaviour and exposure to risks factors (e.g. smoking, obesity, hypertension and cholesterol).",Actuarial projections allow predicting the likely evolution of the population. Future health expenditure is determined by multiplying the average costs by the projected number of individuals included in each cell.,[3],"[3, 10, 2, 1, 14]","[3, 10]","[2, 1, 14]","[1, 1, 1, 0, 0, 0, 0, 0, 0, 1, 0, 0, 0, 1, 0, 0, 0]",0.30515235662460327,5,1,1,1,0,0,0,0,0,0,1,0,0,0,1,0,0,0
012ec56c3c163d7e78dbf9a6f93646d1,"The same is true for other cash transfer programmes around the world (Arnold, 2011; Samson et al., Many of those in extreme poverty, however, were not able to benefit from these reforms because of low levels of schooling, nutrition and health. In order to break this poverty cycle, the Oportunidades Programme was created in 1997 (under the name Progressa).","Many of those in extreme poverty were not able to benefit from these reforms because of low levels of schooling, nutrition and health. In",[1],"[1, 4, 9, 2, 8]","[1, 4, 9, 2]",[8],"[1, 1, 0, 1, 0, 0, 0, 1, 1, 0, 0, 0, 0, 0, 0, 0, 0]",0.46667835116386414,5,1,1,0,1,0,0,0,1,1,0,0,0,0,0,0,0,0
0131ee13926adc9897c3e007b42af8cb,"Covering 30% of the electricity supply of the United States with offshore wind would thus cost an astonishing additional outlay of USD 86 billion per year. Table 4.7 reports the total cost of electricity supply on a USD/MWh basis for all scenarios analysed. Two additional tables in Appendix 4.B report the cost increase per unit of renewable production and the total cost of electricity supply, on an absolute basis (Tables 4.1B and 4.2B respectively). However, introducing large shares of renewable energy with low variable cost has also significant impacts on the optimal structure of the electricity generating mix, on resulting electricity prices and on the profitability of existing dispatchable power plants, which make up the pecuniary externalities referred to in Chapter 1.",Covering 30% of the electricity supply of the United States with offshore wind would cost an astonishing additional outlay of USD 86 billion per year. Table 4.7 reports the total cost of electricity supply on a USD/MWh basis for all scenarios analysed.,[7],"[7, 10, 14]",[7],"[10, 14]","[0, 0, 0, 0, 0, 0, 1, 0, 0, 1, 0, 0, 0, 1, 0, 0, 0]",0.36702466011047363,3,0,0,0,0,0,0,1,0,0,1,0,0,0,1,0,0,0
0132b24c2092915f49748f70e3c07424,"Experts know from previous research that there are children who are at risk of not making a successful transition to school, and the gap between these children and their peers increases progressively. Australia’s National Early Childhood Development Strategy -Investing in the early years (Australian Government, 2009a) - also recognises the need to build a solid evidence base as one of its six reform priority areas. The results from the 2009 AEDI are now providing a wealth of information which is being used to influence early childhood initiatives at the community, state and national levels, as well as inform early childhood policy development.","Australia’s National Early Childhood Development Strategy recognises the need to build a solid evidence base as one of its six reform priority areas. The results from the 2009 AEDI are now providing a wealth of information which is being used to influence early childhood initiatives at the community, state and national levels.",[4],"[4, 17, 5, 2, 9]",[4],"[17, 5, 2, 9]","[0, 1, 0, 1, 1, 0, 0, 0, 1, 0, 0, 0, 0, 0, 0, 0, 1]",0.32275062799453735,5,0,1,0,1,1,0,0,0,1,0,0,0,0,0,0,0,1
0137f02e62ce54952e20bbfa68cbab28,"Female economic activities were critically examined and new light was shed on existing conceptions of traditional housework. Oxford University Press, 2007). An edited version of Ihe chapter is available al www.rci.rutgers.edu/~cwgl/globalcenler/charlotte/UN-Handbook.pdf. Targets were also set for the improvement of women's access to economic, social and cultural rights, including improvements in health, reproductive services and sanitation. The women in development approach is embodied in article 14 of the Convention, which focuses on rural women and calls on States to ensure that women ""participate in and benefit from rural development"" and also that they ""participate in the elaboration and implementation of development planning at all levels"".15 Participation is an important component of the right to development, as discussed below.","Targets were also set for the improvement of women's access to economic, social and cultural rights. The women in development approach is embodied in article 14 of the Convention. Participation is an important component of the right to development.",[5],"[5, 4, 11, 17, 9]","[5, 4, 11, 17, 9]",[],"[0, 0, 0, 1, 1, 0, 0, 0, 1, 0, 1, 0, 0, 0, 0, 0, 1]",0.5187956690788269,5,0,0,0,1,1,0,0,0,1,0,1,0,0,0,0,0,1
0137f4e8bd41ec897f2fc053aca3d391,"In the Armenian part of the sub-basin, the river is exposed to background contamination as a result of hydrochemical processes. The increased concentrations of heavy metals (vanadium — V, Mn, Cu, Fe) already exceed the MACs for the fish in the upper part of the sub-basin. The concentrations of, for example, zinc (Zn), Fe and sulphate, decrease from upstream to the monitoring station just upstream from the border of Armenia and Azerbaijan, indicating reduced potential for transboundary impact.","In the Armenian part of the sub-basin, the river is exposed to background contamination as a result of hydrochemical processes. The increased concentrations of heavy metals (vanadium —",[6],"[6, 15]",[],"[6, 15]","[0, 0, 0, 0, 0, 1, 0, 0, 0, 0, 0, 0, 0, 0, 1, 0, 0]",0.29576414823532104,2,0,0,0,0,0,1,0,0,0,0,0,0,0,0,1,0,0
013917ffe21b90b40c5cb14abf74bb1c,"The Special Rapporteur explained that these incidents are not isolated but represent the ultimate act experienced in a continuum of violence by women living under conditions of gender-based discrimination. The Special Rapporteur added that a holistic approach to preventing gender-related killings must be emphasized in all the measures taken by States to investigate and sanction violence, in particular in designing, implementing and evaluating legislation and policies. In addition, the Special Rapporteur on torture and other cruel, inhuman or degrading treatment or punishment argues for the torture protection framework to be applied in a gender-inclusive manner with a view to strengthening the protection of women from torture. According to the Special Rapporteur, State obligations under the Convention against Torture clearly extend to the private sphere as well, in addition to violations committed by public officials (A/HRC/7/3).","The Special Rapporteur on torture argues for the torture protection framework to be applied in a gender-inclusive manner. State obligations under the Convention against Torture clearly extend to the private sphere as well, in addition to violations committed by public officials.",[5],"[4, 5, 16]",[],"[4, 5, 16]","[0, 0, 0, 1, 1, 0, 0, 0, 0, 0, 0, 0, 0, 0, 0, 1, 0]",0.25543129444122314,3,0,0,0,1,1,0,0,0,0,0,0,0,0,0,0,1,0
013a3c20eddfcb0707068fdf5f37102c,"And it will most likely entail a series of deliberate and explicit steps incrementally induced over time. Diluting harmful social norms may require - to borrow from an old Persian saying - ‘death by a thousand cuts’; i.e. small or incremental changes being made across multiple fronts, none of which is seen as socially damaging by itself, but which over time leads to the demise of the harmful social norm and its replacement with social norms that enhance women’s and girls’ opportunities, not distract from them. These actions, illustrated in Chapter 6, will need to be carried out across a broad range of social, economic and political arenas where women’s rights are being limited.","Diluting harmful social norms may require - to borrow from an old Persian saying - ‘death by a thousand cuts’ i.e. small or incremental changes being made across multiple fronts. None of which is seen as socially damaging by itself, but which over time leads to the demise of the harmful social norm.",[5],"[3, 1, 12, 10, 11]","[3, 1, 12, 10]",[11],"[1, 0, 1, 0, 0, 0, 0, 0, 0, 1, 1, 1, 0, 0, 0, 0, 0]",0.4234496057033539,5,1,0,1,0,0,0,0,0,0,1,1,1,0,0,0,0,0
013f3730a1a84aed6e8ce8f252321326,"Improvements in subsistence farming can also be achieved through social protection programmes, either directly (such as input transfers or subsidy programmes) or through cash transfer and PWPs in which household income is spent on agricultural inputs to enhance own-farm productivity. Positive nutritional outcomes can be encouraged by the better utilisation of food and improvements in ancillary areas, such as drinking water, hygiene, sanitation, child care practices and health care (Freeland & Cherrier, 2012). Illness and disease, for instance, can reduce the absorption of nutrients."," improvements in ancillary areas, such as drinking water, hygiene, sanitation and child care practices. Illness and disease, for instance, can reduce the absorption of nutrients.",[2],"[6, 15, 14, 17, 9]","[6, 15, 14, 17, 9]",[],"[0, 0, 0, 0, 0, 1, 0, 0, 1, 0, 0, 0, 0, 1, 1, 0, 1]",0.41628897190093994,5,0,0,0,0,0,1,0,0,1,0,0,0,0,1,1,0,1
0145a5292ed61cd8de12c00c901e54d4,"Some measures to address climate variability may not be labelled as such (Agrawala et al., In particular, more decentralised and autonomous efforts are likely to be under-reported (Gingrich et al., The sectoral scope of projects seems to align well with the relative vulnerability of the sectors and the preference of the Austrian government for “no-regrets” options that would be important elements of natural hazard management even without climate change.","In particular, more decentralised and autonomous efforts are likely to be under-reported. The sectoral scope of projects seems to align well with the relative vulnerability",[13],"[9, 16, 11, 17, 13]","[9, 16, 11, 17, 13]",[],"[0, 0, 0, 0, 0, 0, 0, 0, 1, 0, 1, 0, 1, 0, 0, 1, 1]",0.4855038821697235,5,0,0,0,0,0,0,0,0,1,0,1,0,1,0,0,1,1
014a0b1ad562a00709848aafa2a92c9a,There is strong leadership from within and outside the UNECE managing to impose hard policy measures. It will act as the main mechanism involving developing countries in the achievement of common goals. The world sees relatively low economic growth and only a modest increase in conventional energy demand growth.,There is strong leadership from within and outside the UNECE managing to impose hard policy measures. It will act as,[7],"[16, 5, 9, 8, 11]","[16, 5, 9, 8, 11]",[],"[0, 0, 0, 0, 1, 0, 0, 1, 1, 0, 1, 0, 0, 0, 0, 1, 0]",0.40069279074668884,5,0,0,0,0,1,0,0,1,1,0,1,0,0,0,0,1,0
0152ccb14c914a42c8ef996181f8aade,"Up to 1% of the total subsidy will be allocated to research and technology development, capacity building and, inter alia, the financing of pilot studies and complementary projects under the rural electrification scheme. Table 25 shows the cost norms defined by the Ministry of Power for village electrification. In line with current practice under the RGGVY, the MNRE also offers a 100% capital subsidy for BPL household connections.",The MNRE also offers a 100% capital subsidy for BPL household connections. Up to 1% of the total subsidy will be allocated to research and technology,[7],"[7, 10, 8, 9, 17]","[7, 10]","[8, 9, 17]","[0, 0, 0, 0, 0, 0, 1, 1, 1, 1, 0, 0, 0, 0, 0, 0, 1]",0.32151398062705994,5,0,0,0,0,0,0,1,1,1,1,0,0,0,0,0,0,1
015616594c679b88d12ced5b21b049ef,"The Multiple Overlapping Deprivation Analysis for the European Union (EU-MODA) compares the material well-being of children across the EU member states, using data from the child material deprivation module of the European Union Statistics on Income and Living Conditions (EU-SILC) 2009. Embedded in the multidimensional poverty measurement literature, EU-MODA applies internationally accepted standards for the construction of indicators and dimensions of child well-being. The analysis ranges from indicator and dimension headcounts, overlaps between several dimensions, decomposition of the adjusted multidimensional deprivation headcounts, to overlaps between monetary poverty and multidimensional deprivation. This technical note describes the EU-MODA methodology in detail.","The Multiple Overlapping Deprivation Analysis for the European Union (EU-MODA) compares the material well-being of children across the EU member states. The analysis ranges from indicator and dimension headcounts, overlaps between several dimensions, and decomposition of the adjusted multidimensional deprivation head Counts.",[1],"[1, 4, 2, 8, 3]",[1],"[4, 2, 8, 3]","[1, 1, 1, 1, 0, 0, 0, 1, 0, 0, 0, 0, 0, 0, 0, 0, 0]",0.32493817806243896,5,1,1,1,1,0,0,0,1,0,0,0,0,0,0,0,0,0
01645db38bab0759318315f0a570f499,"It is home to a variety of economic sectors with strong export performance, both in manufacturing (the automobile industry, food industry, information and communication technologies, or ICT, and aerospace) and services (particularly financial and professional services), and it is the headquarters for by far the largest number of large companies in Canada. It houses a range of renowned universities and research institutes, and it attracts around 40% of the immigrants who arrive in the country every year. The Toronto region also has an enviable reputation for quality of life, and has positioned itself as Canada’s main economic centre, thanks to demographic and economic growth since the 1970s-1980s.",Toronto is home to a variety of economic sectors with strong export performance. It is the headquarters for by far the largest number of large companies in Canada. It attracts around 40% of the immigrants who arrive in the country every year.,[11],"[9, 10, 8]",[],"[9, 10, 8]","[0, 0, 0, 0, 0, 0, 0, 1, 1, 1, 0, 0, 0, 0, 0, 0, 0]",0.2827766239643097,3,0,0,0,0,0,0,0,1,1,1,0,0,0,0,0,0,0
016a4898a32cdc282500698a5828c6a1,"Income-support programmes, in the form of unemployment benefits, social assistance, family benefits or housing allowances, have played an important macroeconomic role as automatic stabilisers during the recent crisis. Many OECD countries face high and often growing needs for social policies at times of shrinking fiscal space, which restrict the capacity for an effective response. In the early phases of the global financial and economic crisis, social spending — which accounts for about half of total public outlays in OECD countries - increased. Moreover, large fiscal stimulus packages were put in place in many countries often including greater resources for social measures. But in many OECD countries, a shift in the fiscal stance is now taking place to tackle unprecedented deficits and debt-to-GDP ratios. Social spending is part of many fiscal consolidation plans, and pressure on social spending is set to increase further.",Income-support programmes have played an important macroeconomic role as automatic stabilisers during the recent crisis. Many OECD countries face high and often growing needs for social policies at times of shrinking fiscal space. Social spending is part of many fiscal consolidation plans and pressure on social spending is set to increase further.,[8],"[8, 1, 17, 9, 16]","[8, 1, 17, 9, 16]",[],"[1, 0, 0, 0, 0, 0, 0, 1, 1, 0, 0, 0, 0, 0, 0, 1, 1]",0.44002315402030945,5,1,0,0,0,0,0,0,1,1,0,0,0,0,0,0,1,1
016b1a999f291a5f3caf653337fdf83a,"The use of gender statistics can provide a more comprehensive understanding of the gender dimensions of poverty, which in turn can significantly change priorities in policy and programme interventions (Klugman, 2002). Gender statistics can address multiple dimensions of poverty and inequality, including gender-based asset inequality, intrahousehold allocation of resources, time poverty or vulnerability to external shocks. Understanding the gendered nature of poverty will significantly improve both the equity and efficiency of poverty reduction strategies (Klugman, 2002). Gender statistics have an important role in developing and monitoring policies on the reduction of violence against women.",Gender statistics can address multiple dimensions of poverty and inequality. Understanding the gendered nature of poverty will significantly improve both the equity and efficiency of poverty reduction strategies. Gender statistics have an important role in developing and monitoring policies on the reduction of violence against women.,[5],"[1, 4, 5, 3, 16]","[1, 4, 5, 3]",[16],"[1, 0, 1, 1, 1, 0, 0, 0, 0, 0, 0, 0, 0, 0, 0, 1, 0]",0.5127748250961304,5,1,0,1,1,1,0,0,0,0,0,0,0,0,0,0,1,0
016b9509875be6f456d37842d1f50415,"Nitrogen application rates had increased dramatically over past decades, so that a surplus in excess of that needed by crops or grassland was transported into freshwater systems. Application rates in the subregion are now widely declining in response to the legal framework summarised above, but the time taken for pollutants to move through the hydrological cycle means that in some areas concentrations in receiving waters may still be rising, even when the source itself is diminishing. Where trend data exists, this suggests that nitrate concentrations declined between 1992 and 2008 in 30% of rivers."," Nitrogen application rates had increased dramatically over past decades, so that a surplus in excess of that needed by crops or grassland was transported into freshwater systems. Application rates in the subregion are now widely declining in response to the legal framework.",[6],"[15, 6, 12, 14, 10]","[15, 6, 12, 14]",[10],"[0, 0, 0, 0, 0, 1, 0, 0, 0, 1, 0, 1, 0, 1, 1, 0, 0]",0.47906750440597534,5,0,0,0,0,0,1,0,0,0,1,0,1,0,1,1,0,0
016d7238cd9228d81aca576ae3e2b8d1,"A representative list of GRIs, open to global co-operation and of interest to new partners will be created. A report from the Group on the co-ordination of GRIs is expected. A progress report was presented in 2015.15 Among such infrastructures, ocean and sea floor observatories, including oceanography fleets of research vessels and polar research facilities (both for the Arctic and Antarctic) were specifically mentioned as examples in the broad categories of research infrastructures of global relevance. Following on from the publication of the “Report on road mapping of large infrastructures” (2008) and the “Report on establishing large international research infrastructures: Issues and options” (2010), the OECD Global Science Forum (GSF) published a “Report on International Distributed Research Infrastructures (IDRIS)” in 2013.16 This report can serve as a reference document that may be used when new initiatives to share infrastructure are being prepared. It identifies challenges, options and solutions when it comes to setting up new initiatives in which distributed infrastructures have to be integrated for better research.","OECD Global Science Forum (GSF) published a “Report on International Distributed Research Infrastructures (IDRIS) in 2013. Report can serve as a reference document that may be used when new initiatives to share infrastructure are being prepared. It identifies challenges, options and solutions.",[14],"[9, 17, 7, 16, 11]","[9, 17, 7]","[16, 11]","[0, 0, 0, 0, 0, 0, 1, 0, 1, 0, 1, 0, 0, 0, 0, 1, 1]",0.3824632465839386,5,0,0,0,0,0,0,1,0,1,0,1,0,0,0,0,1,1
016e0ce3aede2d538683b582379a0d17,"It can be questioned, however, whether the most talented students of the country attend these schools as disadvantaged students have more limited access to extracurricular classes to prepare for admission. Moreover, the proportion of top-performing students in international assessments remains very small while a large number are falling behind their peers in other countries. The most rapidly improving education systems in PISA show that improvements at the top and bottom of the performance scale can go hand in hand.","The most rapidly improving education systems in PISA show that improvements at the top and bottom of the performance scale can go hand in hand. It can be questioned, however, whether the",[4],"[4, 8, 10]",[4],"[8, 10]","[0, 0, 0, 1, 0, 0, 0, 1, 0, 1, 0, 0, 0, 0, 0, 0, 0]",0.3056277334690094,3,0,0,0,1,0,0,0,1,0,1,0,0,0,0,0,0,0
0170bd804cb226dc31b0323a98b47efe,"However, Kimball et al. ( The choice of instruments and sources of information also depends on the type of appraisal aspects and criteria that an appraisal scheme focuses on (e.g. traits, compliance, competences and outcomes). While in most countries appraisal is based on the interaction between evaluators and school leaders, e.g. through interviews, meetings and school visits, a few countries complement the information gathered this way with further, more outcomes-oriented data, such as leadership portfolios, stakeholder surveys and information on student achievement. Depending on the policy framework for appraisal and the overall allocation of responsibilities, evaluators and school leaders themselves hold greater or lesser autonomy in determining the tools to collect information.","The choice of instruments and sources of information also depends on the type of appraisal aspects and criteria that an appraisal scheme focuses on. Depending on the policy framework for appraisal and the overall allocation of responsibilities, evaluators and school leaders hold greater or lesser autonomy in determining the tools to collect information.",[4],[17],[],[17],"[0, 0, 0, 0, 0, 0, 0, 0, 0, 0, 0, 0, 0, 0, 0, 0, 1]",0.21708698570728302,1,0,0,0,0,0,0,0,0,0,0,0,0,0,0,0,0,1
0179d9833a1eaded2d655c67be2c92df,"In spite of the fact that there are more female than male pensioners, the total income of female pensioners is lower than that of men (ASUB 2014: 5). In 2011, women's average pension was 1,220 Euro per month as compared with 1,744 Euro for men (ASUB 2013: 23). A more detailed review of the pay gap measured on the basis of different principles and parameters may be found in the ASUB report (2013:21).","In 2011, women's average pension was 1,220 Euro per month as compared with 1,744 Euro for men. In spite of the fact that there are",[5],"[10, 1]",[],"[10, 1]","[1, 0, 0, 0, 0, 0, 0, 0, 0, 1, 0, 0, 0, 0, 0, 0, 0]",0.2319725900888443,2,1,0,0,0,0,0,0,0,0,1,0,0,0,0,0,0,0
01801e184e386d6901bf5e284e8a9da5,"Article 6 on co-operative approaches, Article 9 on finance, and Article 11 on capacity building. Further relevant provisions are contained in Decision 1/CP.21. The purpose of the transparency framework for mitigation is to provide a clear understanding of climate change mitigation action, to track progress towards NDCs and to inform the global stocktake.","The purpose of the transparency framework for mitigation is to provide a clear understanding of climate change mitigation action, to track progress towards",[13],"[13, 15, 14, 11, 17]","[13, 15, 14, 11, 17]",[],"[0, 0, 0, 0, 0, 0, 0, 0, 0, 0, 1, 0, 1, 1, 1, 0, 1]",0.5389925241470337,5,0,0,0,0,0,0,0,0,0,0,1,0,1,1,1,0,1
0182c53666eb0f729076055929e35795,"However, the national climate change efforts to which Parties to the United Nations Framework Convention on Climate Change (UNFCCC) have committed themselves in the form of Nationally Determined Contributions (NDCs) are largely insufficient, and only cover one third of the greenhouse gas emissions reductions necessary to reach this temperature goal (UNEP 2017). There is still a significant gap between 2030 emission levels and a least-cost 2°C pathway amounting to 11 GtC02e or even as much as i3.5GtC02e, taking only unconditional NDCs into account (UNEP 2017). Global greenhouse gas emissions continue to rise, albeit at a slower rate, and even though the Parties must increase the goals of their NDCs overtime, it is unlikely that the emissions reductions thus achieved will be sufficient (UNEP 2017).","There is still a significant gap between 2030 emission levels and a least-cost 2°C pathway amounting to 11 GtC02e. Global greenhouse gas emissions continue to rise, albeit at a slower rate. Even though the Parties must increase the goals of their NDCs overtime, it is unlikely that the emissions reductions achieved will be sufficient.",[13],"[7, 12, 14, 13, 6]","[7, 12, 14, 13, 6]",[],"[0, 0, 0, 0, 0, 1, 1, 0, 0, 0, 0, 1, 1, 1, 0, 0, 0]",0.4976765215396881,5,0,0,0,0,0,1,1,0,0,0,0,1,1,1,0,0,0
0184e81df09786910ff84f8b96a5b211,"China has pushed ahead with large infrastructure projects while providing tax breaks and other relief measures for firms and consumers, which resulted in a wider fiscal deficit of about 3 per cent of GDP in 2016. With a view to supporting the building of ""a moderately prosperous sodety in all respects"", the budget emphasized spending on education, science and technology, health care, poverty alleviation, social security and employment (China, 2016). Although the country's general government debt is relatively low, there are concerns about local government debt and contingent liabilities, which are being addressed with a revised fiscal law. The overall fiscal stance is expected to remain expansionary in the near term to stabilize the economy and to invest in social and infrastructure sectors.","China has pushed ahead with large infrastructure projects while providing tax breaks and other relief measures for firms and consumers. With a view to supporting the building of ""a moderately prosperous sodety in all respects"", the budget emphasized spending on education, science and technology.",[8],"[9, 17, 8, 11, 7]","[9, 17, 8, 11, 7]",[],"[0, 0, 0, 0, 0, 0, 1, 1, 1, 0, 1, 0, 0, 0, 0, 0, 1]",0.4367518723011017,5,0,0,0,0,0,0,1,1,1,0,1,0,0,0,0,0,1
0186ddb4e384b5a261191e81ef37644d,"Often, numbers are derived from other processes, e.g. costed low carbon development strategies; yet it is difficult to ascertain whether the numbers were derived from a detailed cost analysis or based on broader extrapolations. In general, the methodological challenges associated with the economic assessment of mitigation and adaptation seem to be widely underestimated. A robust estimation of finance needs requires deep understanding and analysis of the specific policy and market context, in particular on barriers to the implementation of climate compatible alternative technologies or processes, and the elaboration of corresponding and sound investment plans.","A robust estimation of finance needs requires deep understanding and analysis of the specific policy and market context. Often, numbers are derived from other processes, e.g. costed low carbon development strategies.",[13],"[9, 8, 7, 1, 10]","[9, 8]","[7, 1, 10]","[1, 0, 0, 0, 0, 0, 1, 1, 1, 1, 0, 0, 0, 0, 0, 0, 0]",0.3119796812534332,5,1,0,0,0,0,0,1,1,1,1,0,0,0,0,0,0,0
0187d2a4a7ac667a3fea47e673c1afd8,The characteristics of the markets for health insurance and health care make the expansion of health care challenging. These characteristics determine the trade-offs between various objectives and overall goals in the health sector and constitute health economics as a separate field of applied economics. The authors of this issue of the Nordic Economic Policy Review have been invited to deal with some of the main challenges in the financing and organisation of health care in a Nordic setting.,The characteristics of the markets for health insurance and health care make the expansion of health care challenging. These characteristics determine the trade-offs between various objectives and overall goals in the health sector,[3],[9],[],[9],"[0, 0, 0, 0, 0, 0, 0, 0, 1, 0, 0, 0, 0, 0, 0, 0, 0]",0.19636446237564087,1,0,0,0,0,0,0,0,0,1,0,0,0,0,0,0,0,0
019094d37e0e41227e3164092cffff6c,"It is bad if it generates undue transaction costs and does not respond to place-based needs (OECD, 2015). In addition, a range of OECD committees and subsidiary bodies carried out extensive consultation, including the Environment Policy Committee and its Working Party on Biodiversity, Water and Ecosystems, the Public Governance Committee and its Working Party of Senior Public Integrity Officials, the Development Assistance Committee; the Committee on Investment, and the Committee on Agriculture. Broader principles of good governance apply to the water sector, and water governance outcomes can also be contingent on progress in other domains of the water policy framework.",OECD committees and subsidiary bodies carried out extensive consultation. Broader principles of good governance apply to the water sector. Water governance outcomes can also be contingent on progress in other domains of the water policy framework.,[6],"[6, 15, 16, 17, 13]","[6, 15, 16, 17, 13]",[],"[0, 0, 0, 0, 0, 1, 0, 0, 0, 0, 0, 0, 1, 0, 1, 1, 1]",0.43604573607444763,5,0,0,0,0,0,1,0,0,0,0,0,0,1,0,1,1,1
01942c36ba48e886d31bd25be57fb6d6,"Next, employment and welfare officers develop an individual action plan for the client through a joint interview. The client is registered for work at the PES office and is referred to vacancies once his or her job preparation is completed. The Employment Support Programme for welfare recipients (cont.)",Employment and welfare officers develop an individual action plan for the client. The client is registered for work at the P,[8],"[5, 8]",[],"[5, 8]","[0, 0, 0, 0, 1, 0, 0, 1, 0, 0, 0, 0, 0, 0, 0, 0, 0]",0.21026381850242615,2,0,0,0,0,1,0,0,1,0,0,0,0,0,0,0,0,0
0196cc1a899fa1d1b305eb6f34ef9628,"The aquaculture industry contributes about NZD 226 million of this value. Seafood exports have consistently ranked as New Zealand’s fourth or fifth largest export earner but dropped to eighth in 2007. Important inshore and shellfish species include spiny rock lobster, paua, and snapper. New Zealand’s most valuable capture fishery species on a weight and export value basis is hoki.", Seafood exports have consistently ranked as New Zealand’s fourth or fifth largest export earner. Important inshore and shell,[14],"[14, 12, 10, 8]",[],"[14, 12, 10, 8]","[0, 0, 0, 0, 0, 0, 0, 1, 0, 1, 0, 1, 0, 1, 0, 0, 0]",0.28680068254470825,4,0,0,0,0,0,0,0,1,0,1,0,1,0,1,0,0,0
01987a5f6be8f2399226dabbe2ac44c3,"In addition to the excessive concentration of property, the poor functioning and resulting segmentation of labour markets bring about and reinforce the inequality of opportunities and outcomes so typical of Latin America. The increased labour-market flexibility promoted in most countries under the development model adopted in the 1980s failed to lead to faster growth in labour demand; rather, it introduced job insecurity for a high proportion of workers. Moreover, in conjunction with the increasing instability of employment, social benefits tended to be linked to employment contracts. Thus, the relatively unproductive and uncompetitive informal sector persisted, and many workers moved towards own-account work characterized by low income levels, lack of regulation and exclusion from social protection systems, in particular from social security and health care.","The increased labour-market flexibility promoted in most countries under the development model adopted in the 1980s failed to lead to faster growth in labour demand. In addition to the excessive concentration of property, the poor functioning and resulting segmentation of labour markets bring about and reinforce the inequality of opportunities.",[10],"[8, 9, 10, 17, 1]","[8, 9, 10, 17, 1]",[],"[1, 0, 0, 0, 0, 0, 0, 1, 1, 1, 0, 0, 0, 0, 0, 0, 1]",0.4685131907463074,5,1,0,0,0,0,0,0,1,1,1,0,0,0,0,0,0,1
