{
  "Model_1_DeepLearning": {
    "model_name": "Sentence-BERT + LogisticRegression",
    "training_time": 11.583096027374268,
    "metrics": {
      "hamming_loss": 0.12188235294117647,
      "jaccard_score": 0.0,
      "f1_micro": 0.0,
      "f1_macro": 0.0,
      "f1_weighted": 0.0,
      "precision_micro": 0.0,
      "precision_macro": 0.0,
      "recall_micro": 0.0,
      "recall_macro": 0.0,
      "subset_accuracy": 0.128
    },
    "status": "success",
    "approach": "Deep embeddings + ML classifier"
  },
  "Model_2_Ensemble": {
    "model_name": "Sentence-BERT + RandomForest",
    "training_time": 7.667665004730225,
    "metrics": {
      "hamming_loss": 0.11952941176470588,
      "jaccard_score": 0.05893333333333333,
      "f1_micro": 0.11188811188811189,
      "f1_macro": 0.07743377007073332,
      "f1_weighted": 0.09678541823717705,
      "precision_micro": 0.5714285714285714,
      "precision_macro": 0.2882352941176471,
      "recall_micro": 0.06201550387596899,
      "recall_macro": 0.047640594699418226,
      "subset_accuracy": 0.144
    },
    "status": "success",
    "approach": "BERT embeddings + ensemble classifier"
  },
  "Model_3_SetFit": {
    "model_name": "SetFit-style (paraphrase-mpnet)",
    "training_time": 8.513430118560791,
    "metrics": {
      "hamming_loss": 0.12423529411764705,
      "jaccard_score": 0.39413333333333334,
      "f1_micro": 0.5368421052631579,
      "f1_macro": 0.5386311041560887,
      "f1_weighted": 0.5280320107387783,
      "precision_micro": 0.49038461538461536,
      "precision_macro": 0.5183539175718698,
      "recall_micro": 0.5930232558139535,
      "recall_macro": 0.6012997729749648,
      "subset_accuracy": 0.176
    },
    "status": "success",
    "approach": "Per-SDG binary classifiers"
  }
}